{"cameraMode":{"drawMode":0,"name":"Shaded","section":"Shading Mode"},"sceneLighting":true,"audioPlay":false,"sceneViewState":{"showFog":true,"showMaterialUpdate":true,"showSkybox":false,"showFlares":true,"showImageEffects":true,"showParticleSystems":true},"in2DMode":false,"pivot":{"x":47.224327087402347,"y":23.393829345703126,"z":41.17162322998047},"rotation":{"x":-0.3195783793926239,"y":0.44899436831474306,"z":-0.1849367469549179,"w":-0.8136782050132752},"size":125.99845886230469,"orthographic":false}